name	has_val	has_test	promotable	public_clone	test_total_cites	test_mean_cites	jaccard_vs_public_anchor	reason
base_fusion_samesrc03_32274_top10_diverse_k30_a70	1	1	1	0	827	20.675000	0.896552	ok
base_fusion_samesrc03_32274_top16_private_k24_a42	1	1	1	0	881	22.025000	0.927602	ok
base_fusion_samesrc03_32274_top16_uniform_k30_a42	1	1	1	0	881	22.025000	0.929785	ok
base_fusion_samesrc03_32274_top16_uniform_k30_a50	1	1	1	0	880	22.000000	0.928652	ok
base_fusion_samesrc03_32274_top6_diverse_k24_a70	1	1	1	0	833	20.825000	0.890411	ok
base_fusion_samesrc03_32274_top6_uniform_k18_a42	1	1	1	0	872	21.800000	0.930524	ok
base_fusion_samesrc03_32274_winners_private_k24_a42	1	1	1	0	882	22.050000	0.928733	ok
base_intersect_bold7h_33028_nonclone_diverse_k00_a70	1	1	1	0	834	20.850000	0.889396	ok
base_intersect_bold7h_33028_nonclone_p10_k00_a70	1	1	1	0	830	20.750000	0.893471	ok
base_intersect_bold7h_33028_nonclone_private_k00_a70	1	1	1	0	826	20.650000	0.897583	ok
base_public_peak_33438_nonclone_diverse_k00_a70	1	1	1	0	877	21.925000	0.938426	ok
base_public_peak_33438_nonclone_p10_k00_a70	1	1	1	0	873	21.825000	0.942726	ok
base_public_peak_33438_nonclone_private_k00_a60	1	1	1	0	879	21.975000	0.936291	ok
base_public_peak_33438_nonclone_private_k10_a60	1	1	1	0	860	21.500000	0.914676	ok
base_public_peak_33438_top16_diverse_k00_a50	1	1	1	0	875	21.875000	0.940571	ok
base_public_peak_33438_top16_diverse_k10_a50	1	1	1	0	874	21.850000	0.939429	ok
base_public_peak_33438_winners_diverse_k18_a50	1	1	1	0	875	21.875000	0.933941	ok
base_widebankG_hailmary_30702_samesrc_diverse_k10_a42	1	1	1	0	883	22.075000	0.927684	ok
base_widebankG_hailmary_30702_samesrc_diverse_k10_a60	1	1	1	0	880	22.000000	0.924294	ok
base_widebankG_hailmary_30702_samesrc_diverse_k10_a70	1	1	1	0	879	21.975000	0.925339	ok
base_widebankG_hailmary_30702_top16_p10_k24_a50	1	1	1	0	871	21.775000	0.927190	ok
base_widebankG_hailmary_30702_top16_private_k30_a42	1	1	1	0	870	21.750000	0.934857	ok
base_widebankG_hailmary_30702_top16_private_k30_a70	1	1	1	0	830	20.750000	0.893471	ok
base_widebankG_hailmary_30702_top16_uniform_k24_a42	1	1	1	0	882	22.050000	0.924379	ok
base_widebankG_hailmary_30702_top16_uniform_k24_a50	1	1	1	0	876	21.900000	0.928490	ok
base_widebankG_hailmary_30702_top16_uniform_k24_a60	1	1	1	0	860	21.500000	0.914676	ok
base_widebankG_hailmary_30702_top16_uniform_k30_a42	1	1	1	0	877	21.925000	0.929625	ok
base_widebankG_hailmary_30702_top16_uniform_k30_a50	1	1	1	0	871	21.775000	0.933790	ok
base_widebankG_hailmary_30702_winners_p10_k18_a50	1	1	1	0	875	21.875000	0.929545	ok
base_widebankG_hailmary_30702_winners_private_k24_a70	1	1	1	0	835	20.875000	0.888383	ok
base_widebankG_hailmary_30702_winners_uniform_k18_a42	1	1	1	0	886	22.150000	0.926719	ok
base_widebankG_hailmary_30702_winners_uniform_k18_a50	1	1	1	0	877	21.925000	0.929625	ok
base_widebankG_hailmary_30702_winners_uniform_k18_a70	1	1	1	0	859	21.475000	0.915718	ok
base_widebankG_hailmary_30702_winners_uniform_k24_a42	1	1	1	0	881	22.025000	0.931973	ok
base_widebankG_hailmary_30702_winners_uniform_k24_a50	1	1	1	0	872	21.800000	0.934932	ok
bold7h_gsymp_j940	1	1	1	0	852	21.300000	0.871508	ok
bold7h_gsymp_j945	1	1	1	0	847	21.175000	0.876404	ok
bold7h_gsymp_j955	1	1	1	0	843	21.075000	0.880361	ok
boldD_j955	1	1	1	0	896	22.400000	0.864425	ok
bold_highlift_j955	1	1	1	0	896	22.400000	0.864425	ok
bold_highlift_pareto_j955	1	1	1	0	898	22.450000	0.862554	ok
cpu_capvote_balanced_a30_cap1_r00_rc0	1	1	1	0	861	21.525000	0.955865	ok
cpu_capvote_balanced_a30_cap2_r00_rc0	1	1	1	0	878	21.950000	0.937358	ok
cpu_capvote_balanced_a30_cap3_r00_rc0	1	1	1	0	884	22.100000	0.930995	ok
cpu_capvote_balanced_a30_cap5_r00_rc0	1	1	1	0	887	22.175000	0.927847	ok
cpu_capvote_balanced_a38_cap1_r00_rc0	1	1	1	0	858	21.450000	0.959207	ok
cpu_capvote_balanced_a38_cap2_r00_rc0	1	1	1	0	872	21.800000	0.943807	ok
cpu_capvote_balanced_a38_cap3_r00_rc0	1	1	1	0	876	21.900000	0.939498	ok
cpu_capvote_balanced_a38_cap5_r00_rc0	1	1	1	0	878	21.950000	0.937358	ok
cpu_capvote_balanced_a46_cap1_r00_rc0	1	1	1	0	856	21.400000	0.961449	ok
cpu_capvote_balanced_a46_cap2_r00_rc0	1	1	1	0	869	21.725000	0.947066	ok
cpu_capvote_balanced_a46_cap3_r00_rc0	1	1	1	0	872	21.800000	0.943807	ok
cpu_capvote_balanced_a46_cap5_r00_rc0	1	1	1	0	873	21.825000	0.942726	ok
cpu_capvote_balanced_a54_cap1_r00_rc0	1	1	1	0	841	21.025000	0.978597	ok
cpu_capvote_balanced_a54_cap2_r00_rc0	1	1	1	0	847	21.175000	0.971665	ok
cpu_capvote_balanced_a54_cap3_r00_rc0	1	1	1	0	848	21.200000	0.970519	ok
cpu_capvote_balanced_a62_cap2_r00_rc0	1	1	1	0	846	21.150000	0.972813	ok
fusion_rubik_base_delta_vote_fusion_01	1	1	1	0	873	21.825000	0.899216	ok
fusion_rubik_base_delta_vote_fusion_02	1	1	1	0	873	21.825000	0.899216	ok
fusion_rubik_base_delta_vote_fusion_03	1	1	1	0	871	21.775000	0.901235	ok
fusion_rubik_base_delta_vote_fusion_04	1	1	1	0	875	21.875000	0.897207	ok
fusion_rubik_base_delta_vote_fusion_05	1	1	1	0	875	21.875000	0.897207	ok
fusion_rubik_base_delta_vote_fusion_06	1	1	1	0	877	21.925000	0.895206	ok
fusion_rubik_base_delta_vote_fusion_07	1	1	1	0	877	21.925000	0.895206	ok
fusion_samesrc03_32274	1	1	1	0	879	21.975000	0.923164	ok
fusion_samesrc03_32274_corpusclean	1	1	1	0	877	21.925000	0.920904	ok
fusion_samesrc_base_delta_vote_fusion_01	1	1	1	0	833	20.825000	0.973778	ok
fusion_samesrc_base_delta_vote_fusion_02	1	1	1	0	835	20.875000	0.971463	ok
fusion_samesrc_base_delta_vote_fusion_03	1	1	1	0	837	20.925000	0.969158	ok
intersect_bold7h_33028	1	1	1	0	781	19.525000	0.946602	ok
linguist_bridge	1	1	1	0	887	22.175000	0.885336	ok
linguist_fifteenth_order_semantic_keep_supported_test	1	1	1	0	902	22.550000	0.868906	ok
linguist_fifteenth_order_semantic_no_art20_prune_test	1	1	1	0	903	22.575000	0.867965	ok
linguist_fifteenth_order_semantic_no_form_test	1	1	1	0	900	22.500000	0.870793	ok
linguist_fifteenth_order_semantic_pair_with_form_boundary_test	1	1	1	0	901	22.525000	0.869848	ok
live_33545	1	1	1	1	818	20.450000	0.993925	public clone J=0.9939
live_33545_plus005	1	1	1	1	817	20.425000	0.992710	public clone J=0.9927
live_33545_plus011art19	1	1	1	1	817	20.425000	0.992710	public clone J=0.9927
live_33545_plus013	1	1	1	1	817	20.425000	0.992710	public clone J=0.9927
live_33545_plus030art285	1	1	1	1	817	20.425000	0.992710	public clone J=0.9927
live_33545_plus030bge	1	1	1	1	817	20.425000	0.992710	public clone J=0.9927
live_33545_plus040	1	1	1	1	817	20.425000	0.992710	public clone J=0.9927
math_sixteenth_alias	1	1	1	0	899	22.475000	0.871739	ok
micro32904_safe_micro_repair_02_v49377_j98947_a8_r1	1	1	1	0	854	21.350000	0.961404	ok
micro32904_safe_micro_repair_03_v49470_j98830_a8_r2	1	1	1	0	853	21.325000	0.964830	ok
micro32904_safe_micro_repair_04_v49456_j98830_a8_r2	1	1	1	0	853	21.325000	0.960234	ok
micro32904_safe_micro_repair_07_v49470_j98713_a8_r3	1	1	1	0	852	21.300000	0.963658	ok
micro32904_safe_micro_repair_08_v49470_j98713_a8_r3	1	1	1	0	852	21.300000	0.963658	ok
micro32904_safe_micro_repair_09_v49598_j98596_a8_r4	1	1	1	0	851	21.275000	0.957895	ok
micro32904_safe_micro_repair_10_v49583_j98596_a8_r4	1	1	1	0	851	21.275000	0.962485	ok
micro32904_safe_micro_repair_11_v49583_j98596_a8_r4	1	1	1	0	851	21.275000	0.962485	ok
micro32904_safe_micro_repair_12_v49583_j98596_a8_r4	1	1	1	0	851	21.275000	0.964789	ok
micro32904_safe_micro_repair_13_v49583_j98596_a8_r4	1	1	1	0	851	21.275000	0.962485	ok
micro32904_safe_micro_repair_14_v49583_j98596_a8_r4	1	1	1	0	851	21.275000	0.962485	ok
micro32904_safe_micro_repair_15_v49583_j98596_a8_r4	1	1	1	0	851	21.275000	0.964789	ok
neuro_twelfth_safe_pair_art20_pruned	1	1	1	0	899	22.475000	0.871739	ok
overlay_consensus_01	1	1	1	0	863	21.575000	0.911565	ok
overlay_fusion_01	1	1	1	0	863	21.575000	0.911565	ok
overlay_samesrc_03	1	1	1	1	824	20.600000	0.984337	public clone J=0.9843
physics_seventeenth_order_dsym_risk_shave_1_test	1	1	1	0	908	22.700000	0.871351	ok
physics_seventeenth_order_dsym_risk_shave_2_test	1	1	1	0	903	22.575000	0.867965	ok
pre_reset_all5k3	1	1	1	0	880	22.000000	0.883850	ok
pre_reset_r01	1	1	1	0	888	22.200000	0.884361	ok
pre_reset_r02	1	1	1	0	888	22.200000	0.884361	ok
pre_reset_r03	1	1	1	0	888	22.200000	0.884361	ok
pre_reset_r05	1	1	1	0	886	22.150000	0.886313	ok
pre_reset_r06	1	1	1	0	886	22.150000	0.886313	ok
private_blend_widebankG_winners_k18_a50_corpusclean	1	1	1	0	875	21.875000	0.927355	ok
private_survivor_rubik_strict	1	1	1	0	887	22.175000	0.885336	ok
private_vote_winners_t24_corpusclean	1	1	1	0	887	22.175000	0.923510	ok
public_peak_33438	1	1	1	0	823	20.575000	1.000000	ok
public_peak_33438_prepared	1	1	1	1	830	20.750000	0.991566	public clone J=0.9916
rubik_eighteenth_order_support_balanced_commutator_test	1	1	1	0	891	22.275000	0.881449	ok
rubik_eighteenth_order_support_balanced_swap_commutator_test	1	1	1	0	891	22.275000	0.881449	ok
rubik_highj	1	1	1	0	890	22.250000	0.882418	ok
rubik_safe_micro_repair_03_v52524_j99438_a3_r2	1	1	1	0	888	22.200000	0.884361	ok
samesrc32904_fixed12_lfc1_32562	1	1	1	0	841	21.025000	0.964581	ok
samesrc_bold_01	1	1	1	1	838	20.950000	0.982100	public clone J=0.9821
samesrc_bold_micro_repair_02_v54119_j98111_a6_r10	1	1	1	0	837	20.925000	0.971496	ok
samesrc_bold_micro_repair_03_v54119_j98111_a6_r10	1	1	1	0	837	20.925000	0.969158	ok
samesrc_bold_micro_repair_04_v54119_j98111_a6_r10	1	1	1	0	837	20.925000	0.969158	ok
samesrc_bold_micro_repair_05_v54119_j98111_a6_r10	1	1	1	0	837	20.925000	0.969158	ok
samesrc_bold_micro_repair_06_v54085_j98229_a6_r9	1	1	1	1	838	20.950000	0.982100	public clone J=0.9821
samesrc_bold_micro_repair_07_v54064_j98347_a6_r8	1	1	1	1	839	20.975000	0.980930	public clone J=0.9809
samesrc_bold_micro_repair_08_v54025_j98229_a6_r9	1	1	1	0	838	20.950000	0.972684	ok
samesrc_bold_micro_repair_09_v54025_j98229_a6_r9	1	1	1	0	838	20.950000	0.970344	ok
samesrc_bold_micro_repair_10_v54025_j98229_a6_r9	1	1	1	0	838	20.950000	0.968009	ok
samesrc_bold_micro_repair_11_v54025_j98229_a6_r9	1	1	1	0	838	20.950000	0.970344	ok
samesrc_bold_micro_repair_12_v54028_j98580_a4_r8	1	1	1	0	837	20.925000	0.966825	ok
samesrc_bold_micro_repair_14_v53983_j97644_a8_r12	1	1	1	0	837	20.925000	0.978546	ok
samesrc_bold_micro_repair_15_v53934_j98347_a6_r8	1	1	1	0	839	20.975000	0.973872	ok
samesrc_bold_micro_repair_16_v53934_j98347_a6_r8	1	1	1	0	839	20.975000	0.971530	ok
samesrc_bold_micro_repair_17_v53934_j98347_a6_r8	1	1	1	0	839	20.975000	0.969194	ok
samesrc_bold_micro_repair_18_v53934_j98347_a6_r8	1	1	1	0	839	20.975000	0.969194	ok
samesrc_bold_micro_repair_19_v53917_j98698_a4_r7	1	1	1	0	838	20.950000	0.968009	ok
samesrc_bold_micro_repair_20_v53863_j98583_a6_r6	1	1	1	0	841	21.025000	0.978597	ok
samesrc_bold_micro_repair_21_v53846_j98583_a6_r6	1	1	1	0	841	21.025000	0.978597	ok
samesrc_bold_micro_repair_22_v53873_j97762_a8_r11	1	1	1	0	838	20.950000	0.979738	ok
samesrc_bold_micro_repair_23_v53827_j98817_a4_r6	1	1	1	0	839	20.975000	0.969194	ok
samesrc_bold_micro_repair_24_v53802_j98583_a6_r6	1	1	1	0	841	21.025000	0.973903	ok
samesrc_fixed_16	1	1	1	0	860	21.500000	0.956977	ok
samesrc_safe_micro_repair_01_v53520_j99292_a6_r0	1	1	1	0	847	21.175000	0.969340	ok
samesrc_safe_micro_repair_02_v52903_j99763_a2_r0	1	1	1	0	843	21.075000	0.966942	ok
samesrc_safe_micro_repair_03_v52818_j99645_a3_r0	1	1	1	0	844	21.100000	0.968123	ok
samesrc_safe_micro_repair_04_v52667_j99881_a1_r0	1	1	1	0	842	21.050000	0.965762	ok
samesrc_safe_micro_repair_05_v53422_j99527_a4_r0	1	1	1	0	845	21.125000	0.966981	ok
samesrc_safe_micro_repair_06_v53111_j99058_a8_r0	1	1	1	0	849	21.225000	0.969376	ok
samesrc_safe_micro_repair_07_v52446_j99527_a4_r0	1	1	1	0	845	21.125000	0.969303	ok
samesrc_safe_micro_repair_08_v52037_j99644_a2_r1	1	1	1	0	842	21.050000	0.968085	ok
samesrc_safe_micro_repair_09_v52037_j99644_a2_r1	1	1	1	0	842	21.050000	0.965762	ok
samesrc_safe_micro_repair_10_v52037_j99526_a2_r2	1	1	1	0	841	21.025000	0.969231	ok
samesrc_safe_micro_repair_11_v52024_j99762_a1_r1	1	1	1	0	841	21.025000	0.966903	ok
samesrc_safe_micro_repair_12_v52024_j99762_a1_r1	1	1	1	0	841	21.025000	0.966903	ok
samesrc_safe_micro_repair_13_v51804_j99526_a3_r1	1	1	1	0	843	21.075000	0.969267	ok
samesrc_safe_micro_repair_14_v51804_j99526_a3_r1	1	1	1	0	843	21.075000	0.964623	ok
samesrc_safe_micro_repair_15_v51804_j99408_a3_r2	1	1	1	0	842	21.050000	0.970414	ok
samesrc_safe_micro_repair_16_v51804_j99289_a3_r3	1	1	1	0	841	21.025000	0.971564	ok
samesrc_safe_micro_repair_17_v51734_j99407_a2_r3	1	1	1	0	840	21.000000	0.970379	ok
samesrc_safe_micro_repair_18_v51646_j99526_a2_r2	1	1	1	0	841	21.025000	0.966903	ok
samesrc_safe_micro_repair_19_v51658_j99644_a1_r2	1	1	1	0	840	21.000000	0.968047	ok
samesrc_safe_micro_repair_20_v51658_j99644_a1_r2	1	1	1	0	840	21.000000	0.968047	ok
samesrc_safe_micro_repair_21_v51959_j99292_a6_r0	1	1	1	0	847	21.175000	0.971665	ok
samesrc_safe_micro_repair_22_v51661_j99408_a4_r1	1	1	1	0	844	21.100000	0.968123	ok
samesrc_safe_micro_repair_23_v51661_j99408_a4_r1	1	1	1	0	844	21.100000	0.963486	ok
samesrc_safe_micro_repair_24_v51661_j99290_a4_r2	1	1	1	0	843	21.075000	0.969267	ok
staff_fifteenth_order_clean_pre_reset_consensus_all5_k3_test	1	1	1	0	880	22.000000	0.883850	ok
staff_fifteenth_order_clean_pre_reset_consensus_highj_top3_k2_test	1	1	1	0	887	22.175000	0.885336	ok
staff_fifteenth_order_clean_pre_reset_consensus_highj_top4_k3_test	1	1	1	0	883	22.075000	0.889258	ok
submitted_fusion_rubik_v08	1	1	1	0	867	21.675000	0.905299	ok
submitted_samesrc_bold_01	1	1	1	1	837	20.925000	0.983274	public clone J=0.9833
submitted_samesrc_bold_13_alt	1	1	1	1	839	20.975000	0.980930	public clone J=0.9809
test_submission_bold_7h_reseedD_balanced	1	1	1	0	918	22.950000	0.854100	ok
test_submission_bold_7h_reseedD_highlift	1	1	1	0	919	22.975000	0.843386	ok
test_submission_bold_7h_reseedD_private_safe	1	1	1	0	903	22.575000	0.865946	ok
test_submission_bold_7h_reseedD_sympareto_j940	1	1	1	0	911	22.775000	0.850587	ok
test_submission_bold_7h_reseedD_sympareto_j945	1	1	1	0	906	22.650000	0.855150	ok
test_submission_bold_7h_reseedD_sympareto_j950	1	1	1	0	901	22.525000	0.859763	ok
test_submission_bold_7h_reseedE_balanced	1	1	1	0	915	22.875000	0.850905	ok
test_submission_bold_7h_reseedE_highlift	1	1	1	0	910	22.750000	0.849520	ok
test_submission_bold_7h_reseedE_private_safe	1	1	1	0	903	22.575000	0.865946	ok
test_submission_bold_7h_reseedE_sympareto_j940	1	1	1	0	904	22.600000	0.854995	ok
test_submission_bold_7h_reseedE_sympareto_j945	1	1	1	0	899	22.475000	0.859611	ok
test_submission_bold_7h_reseedF_balanced	1	1	1	0	917	22.925000	0.853035	ok
test_submission_bold_7h_reseedF_hailmary	1	1	1	0	935	23.375000	0.829344	ok
test_submission_bold_7h_reseedF_private_safe	1	1	1	0	913	22.825000	0.860665	ok
test_submission_bold_7h_reseedF_sympareto_j940	1	1	1	0	912	22.800000	0.849680	ok
test_submission_bold_7h_widebankG_private_safe	1	1	1	0	905	22.625000	0.864078	ok
test_submission_bold_7h_widebankH_hailmary	1	1	1	0	901	22.525000	0.839915	ok
test_submission_bold_7h_widebankH_sympareto_j955	1	1	1	0	857	21.425000	0.881299	ok
test_submission_bold_highlift_guard_guarded_core	1	1	1	0	903	22.575000	0.857912	ok
test_submission_bold_highlift_guard_guarded_core_keep_merits	1	1	1	0	905	22.625000	0.856069	ok
test_submission_bold_highlift_guard_guarded_generic_merits	1	1	1	0	909	22.725000	0.852406	ok
test_submission_bold_highlift_guard_no_art15	1	1	1	0	916	22.900000	0.846072	ok
test_submission_bold_highlift_guard_no_form_family	1	1	1	0	923	23.075000	0.839831	ok
test_submission_bold_highlift_guard_no_generic	1	1	1	0	911	22.775000	0.850587	ok
test_submission_bold_highlift_guard_no_merits	1	1	1	0	925	23.125000	0.838065	ok
test_submission_bold_highlift_pareto_j930	1	1	1	0	920	23.000000	0.842495	ok
test_submission_bold_highlift_pareto_j940	1	1	1	0	912	22.800000	0.849680	ok
test_submission_bold_highlift_pareto_j945	1	1	1	0	907	22.675000	0.854234	ok
test_submission_bold_highlift_pareto_j950	1	1	1	0	902	22.550000	0.858836	ok
test_submission_bold_highlift_sympareto_j940	1	1	1	0	912	22.800000	0.849680	ok
test_submission_bold_highlift_sympareto_j945	1	1	1	0	906	22.650000	0.855150	ok
test_submission_bold_highlift_sympareto_j950	1	1	1	0	901	22.525000	0.859763	ok
test_submission_meta_guarded_verybold_20260425	1	1	1	0	893	22.325000	0.855135	ok
test_submission_physics_math_fifteenth_order_riskopt1_core_noinherit_prop641_keepatoms	1	1	1	0	899	22.475000	0.871739	ok
test_submission_physics_math_fifteenth_order_riskopt2_core_noinherit_noprop_keepatoms	1	1	1	0	898	22.450000	0.872688	ok
test_submission_physics_math_fifteenth_order_riskopt3_core_noinherit_prop641_prune1	1	1	1	0	898	22.450000	0.872688	ok
test_submission_physics_math_fifteenth_order_riskopt4_partialcore_noinherit_prop641_keepatoms	1	1	1	0	898	22.450000	0.872688	ok
test_submission_physics_math_fifteenth_order_riskopt5_core_noinherit_noprop_prune1	1	1	1	0	897	22.425000	0.873638	ok
test_submission_physics_math_fifteenth_order_riskopt6_coreschkg67_noinherit_prop641_p20	1	1	1	0	897	22.425000	0.873638	ok
test_submission_pre_reset_consensus_highj_top3_k2	1	1	1	0	887	22.175000	0.885336	ok
test_submission_pre_reset_consensus_highj_top4_k3	1	1	1	0	883	22.075000	0.889258	ok
test_submission_pre_reset_consensus_sweep_r04_c7dc705a62	1	1	1	0	890	22.250000	0.882418	ok
test_submission_pre_reset_consensus_sweep_r07_686c1a9af0	1	1	1	0	886	22.150000	0.886313	ok
test_submission_pre_reset_consensus_sweep_r08_4653662e9e	1	1	1	0	889	22.225000	0.883388	ok
test_submission_staff_eighteenth_order_balanced_pruner_zero_net_physics_twelfth_order_replace_aggressive_balanced_form_cle	1	1	1	0	891	22.275000	0.879386	ok
vote_nonclone_private_t60	1	1	1	0	836	20.900000	0.887372	ok
vote_top16_diverse_t50	1	1	1	0	832	20.800000	0.891429	ok
vote_top16_private_t30	1	1	1	0	883	22.075000	0.929864	ok
vote_top16_uniform_t30	1	1	1	0	884	22.100000	0.930995	ok
vote_winners_private_t24	1	1	1	0	889	22.225000	0.925759	ok
widebankG_balanced	1	1	1	0	885	22.125000	0.840517	ok
widebankG_hailmary_30702	1	1	1	0	906	22.650000	0.808577	ok
widebankG_hailmary_30702_corpusclean	1	1	1	0	902	22.550000	0.811975	ok
